{
  "runtime_minutes": 222.15905592838922,
  "device": "cuda",
  "gpu_name": "Tesla T4",
  "batch_size": 64,
  "base_wd": 0.01,
  "model": "TinyViT",
  "config": {
    "embed_dim": 128,
    "n_blocks": 6,
    "n_heads": 4,
    "ff_dim": 256,
    "patch_size": 4,
    "dropout": 0.1,
    "epochs": 30
  },
  "verdict": "ATTENTION SELF-REGULATES: WD schedule irrelevant on Transformers",
  "results": {
    "Fixed": {
      "accuracy": 0.8034,
      "delta": 0.0,
      "total_wd": 0.08,
      "block_wds": {
        "0": 0.01,
        "1": 0.01,
        "2": 0.01,
        "3": 0.01,
        "4": 0.01,
        "5": 0.01,
        "6": 0.01,
        "7": 0.01
      },
      "elapsed_min": 17.716991448402403
    },
    "ExpDecay": {
      "accuracy": 0.8023,
      "delta": -0.0010999999999999899,
      "total_wd": 0.019921875000000002,
      "block_wds": {
        "0": 0.01,
        "1": 0.005,
        "2": 0.0025,
        "3": 0.00125,
        "4": 0.000625,
        "5": 0.0003125,
        "6": 0.00015625,
        "7": 7.8125e-05
      },
      "elapsed_min": 17.565347651640575
    },
    "LinDecay": {
      "accuracy": 0.8043,
      "delta": 0.0009000000000000119,
      "total_wd": 0.047999999999999994,
      "block_wds": {
        "0": 0.01,
        "1": 0.008857142857142857,
        "2": 0.0077142857142857135,
        "3": 0.00657142857142857,
        "4": 0.0054285714285714284,
        "5": 0.004285714285714286,
        "6": 0.0031428571428571417,
        "7": 0.0019999999999999996
      },
      "elapsed_min": 17.733290580908456
    },
    "Reverse": {
      "accuracy": 0.7969,
      "delta": -0.00649999999999995,
      "total_wd": 0.048,
      "block_wds": {
        "0": 0.002,
        "1": 0.003142857142857143,
        "2": 0.004285714285714286,
        "3": 0.005428571428571429,
        "4": 0.006571428571428573,
        "5": 0.0077142857142857135,
        "6": 0.008857142857142859,
        "7": 0.01
      },
      "elapsed_min": 17.74398631254832
    },
    "Random_1": {
      "accuracy": 0.7976,
      "delta": -0.005800000000000027,
      "total_wd": 0.05019609732088201,
      "block_wds": {
        "0": 0.0068240784270988345,
        "1": 0.027583475549166736,
        "2": 0.0010005268542378305,
        "3": 0.0040240664647146086,
        "4": 0.0019656753051200326,
        "5": 0.001529949829431263,
        "6": 0.002357873072646736,
        "7": 0.00491045181846597
      },
      "elapsed_min": 17.819840248425802
    },
    "Random_2": {
      "accuracy": 0.8005,
      "delta": -0.0029000000000000137,
      "total_wd": 0.059961752891939044,
      "block_wds": {
        "0": 0.007447144904083069,
        "1": 0.0011268145953419492,
        "2": 0.012569701250867078,
        "3": 0.0074241166192964714,
        "4": 0.006930037811020538,
        "5": 0.0045779352105441,
        "6": 0.0025662399883680776,
        "7": 0.017319762512417756
      },
      "elapsed_min": 17.518309024969735
    },
    "Random_3": {
      "accuracy": 0.7988,
      "delta": -0.0046000000000000485,
      "total_wd": 0.18053113208600086,
      "block_wds": {
        "0": 0.012635598137381661,
        "1": 0.02607928288639961,
        "2": 0.003817767511117905,
        "3": 0.010511270449351967,
        "4": 0.061079279961458205,
        "5": 0.062027771431058296,
        "6": 0.0017830791467464938,
        "7": 0.002597082562486722
      },
      "elapsed_min": 17.59457401831945
    },
    "Random_4": {
      "accuracy": 0.8014,
      "delta": -0.0020000000000000018,
      "total_wd": 0.3316566439925801,
      "block_wds": {
        "0": 0.08591315698733483,
        "1": 0.01242981023503286,
        "2": 0.08817972090698542,
        "3": 0.02689255016027697,
        "4": 0.02485751151070987,
        "5": 0.0027050730096210155,
        "6": 0.08964971423446301,
        "7": 0.0010291069481561086
      },
      "elapsed_min": 16.474999177455903
    },
    "Random_5": {
      "accuracy": 0.8055,
      "delta": 0.0020999999999999908,
      "total_wd": 0.20037368064441716,
      "block_wds": {
        "0": 0.002779625851893939,
        "1": 0.05513972710118395,
        "2": 0.0025908263815127078,
        "3": 0.0687419449802742,
        "4": 0.009480306482679786,
        "5": 0.016729683536668875,
        "6": 0.03402637726935603,
        "7": 0.010885189040847685
      },
      "elapsed_min": 16.41150659720103
    },
    "Shuffled_1": {
      "accuracy": 0.8033,
      "delta": -9.999999999998899e-05,
      "total_wd": 0.019921875000000002,
      "block_wds": {
        "0": 7.8125e-05,
        "1": 0.0025,
        "2": 0.005,
        "3": 0.00015625,
        "4": 0.01,
        "5": 0.000625,
        "6": 0.00125,
        "7": 0.0003125
      },
      "elapsed_min": 16.303887657324474
    },
    "Shuffled_2": {
      "accuracy": 0.8039,
      "delta": 0.0004999999999999449,
      "total_wd": 0.019921875000000002,
      "block_wds": {
        "0": 0.000625,
        "1": 0.005,
        "2": 0.00015625,
        "3": 0.0025,
        "4": 0.00125,
        "5": 7.8125e-05,
        "6": 0.0003125,
        "7": 0.01
      },
      "elapsed_min": 16.576270560423534
    },
    "Shuffled_3": {
      "accuracy": 0.802,
      "delta": -0.0013999999999999568,
      "total_wd": 0.019921875000000002,
      "block_wds": {
        "0": 0.0003125,
        "1": 7.8125e-05,
        "2": 0.000625,
        "3": 0.00015625,
        "4": 0.00125,
        "5": 0.005,
        "6": 0.01,
        "7": 0.0025
      },
      "elapsed_min": 16.30677391688029
    },
    "Alternating": {
      "accuracy": 0.8033,
      "delta": -9.999999999998899e-05,
      "total_wd": 0.088,
      "block_wds": {
        "0": 0.02,
        "1": 0.002,
        "2": 0.02,
        "3": 0.002,
        "4": 0.02,
        "5": 0.002,
        "6": 0.02,
        "7": 0.002
      },
      "elapsed_min": 16.24567544857661
    }
  }
}