{
  "runtime_minutes": 528.4030555605889,
  "base_wd": 0.001,
  "results": {
    "MLP": {
      "Fixed": {
        "accuracy": 0.5439,
        "delta": 0.0,
        "layer_wds": {
          "0": 0.001,
          "1": 0.001,
          "2": 0.001,
          "3": 0.001,
          "4": 0.001
        }
      },
      "ExpDecay": {
        "accuracy": 0.5321,
        "delta": -0.011800000000000033,
        "layer_wds": {
          "0": 0.001,
          "1": 0.0005,
          "2": 0.00025,
          "3": 0.000125,
          "4": 6.25e-05
        }
      },
      "LinDecay": {
        "accuracy": 0.5278,
        "delta": -0.016100000000000003,
        "layer_wds": {
          "0": 0.001,
          "1": 0.0008,
          "2": 0.0006,
          "3": 0.0003999999999999999,
          "4": 0.00019999999999999996
        }
      },
      "Reverse": {
        "accuracy": 0.5233,
        "delta": -0.020600000000000063,
        "layer_wds": {
          "0": 0.0002,
          "1": 0.0004,
          "2": 0.0006000000000000001,
          "3": 0.0008,
          "4": 0.001
        }
      },
      "Random_1": {
        "accuracy": 0.5394,
        "delta": -0.0045000000000000595,
        "layer_wds": {
          "0": 0.0006824078427098834,
          "1": 0.002758347554916672,
          "2": 0.00010005268542378305,
          "3": 0.00040240664647146085,
          "4": 0.00019656753051200328
        }
      },
      "Random_2": {
        "accuracy": 0.5375,
        "delta": -0.006400000000000072,
        "layer_wds": {
          "0": 0.0007447144904083069,
          "1": 0.00011268145953419492,
          "2": 0.0012569701250867078,
          "3": 0.0007424116619296472,
          "4": 0.0006930037811020538
        }
      },
      "Random_3": {
        "accuracy": 0.5346,
        "delta": -0.009300000000000086,
        "layer_wds": {
          "0": 0.001263559813738166,
          "1": 0.0026079282886399607,
          "2": 0.0003817767511117905,
          "3": 0.0010511270449351966,
          "4": 0.00610792799614582
        }
      },
      "Random_4": {
        "accuracy": 0.486,
        "delta": -0.05790000000000006,
        "layer_wds": {
          "0": 0.008591315698733483,
          "1": 0.0012429810235032868,
          "2": 0.008817972090698538,
          "3": 0.0026892550160276985,
          "4": 0.002485751151070987
        }
      },
      "Random_5": {
        "accuracy": 0.534,
        "delta": -0.00990000000000002,
        "layer_wds": {
          "0": 0.0002779625851893939,
          "1": 0.005513972710118395,
          "2": 0.00025908263815127076,
          "3": 0.006874194498027416,
          "4": 0.0009480306482679786
        }
      },
      "Shuffled_1": {
        "accuracy": 0.5267,
        "delta": -0.017200000000000104,
        "layer_wds": {
          "0": 0.00025,
          "1": 0.0005,
          "2": 6.25e-05,
          "3": 0.001,
          "4": 0.000125
        }
      },
      "Shuffled_2": {
        "accuracy": 0.5281,
        "delta": -0.015800000000000036,
        "layer_wds": {
          "0": 0.00025,
          "1": 6.25e-05,
          "2": 0.0005,
          "3": 0.000125,
          "4": 0.001
        }
      },
      "Shuffled_3": {
        "accuracy": 0.5335,
        "delta": -0.010400000000000076,
        "layer_wds": {
          "0": 0.000125,
          "1": 6.25e-05,
          "2": 0.0005,
          "3": 0.001,
          "4": 0.00025
        }
      },
      "Alternating": {
        "accuracy": 0.52,
        "delta": -0.023900000000000032,
        "layer_wds": {
          "0": 0.002,
          "1": 0.0002,
          "2": 0.002,
          "3": 0.0002,
          "4": 0.002
        }
      }
    },
    "CNN": {
      "Fixed": {
        "accuracy": 0.7466,
        "delta": 0.0,
        "layer_wds": {
          "0": 0.001,
          "1": 0.001,
          "2": 0.001,
          "3": 0.001,
          "4": 0.001,
          "5": 0.001
        }
      },
      "ExpDecay": {
        "accuracy": 0.7477,
        "delta": 0.0010999999999999899,
        "layer_wds": {
          "0": 0.001,
          "1": 0.0005,
          "2": 0.00025,
          "3": 0.000125,
          "4": 6.25e-05,
          "5": 3.125e-05
        }
      },
      "LinDecay": {
        "accuracy": 0.7517,
        "delta": 0.005099999999999993,
        "layer_wds": {
          "0": 0.001,
          "1": 0.00084,
          "2": 0.0006799999999999999,
          "3": 0.00052,
          "4": 0.00035999999999999997,
          "5": 0.00019999999999999996
        }
      },
      "Reverse": {
        "accuracy": 0.7604,
        "delta": 0.013799999999999923,
        "layer_wds": {
          "0": 0.0002,
          "1": 0.00035999999999999997,
          "2": 0.0005200000000000001,
          "3": 0.0006800000000000002,
          "4": 0.0008400000000000001,
          "5": 0.001
        }
      },
      "Random_1": {
        "accuracy": 0.7669,
        "delta": 0.020299999999999985,
        "layer_wds": {
          "0": 0.0006824078427098834,
          "1": 0.002758347554916672,
          "2": 0.00010005268542378305,
          "3": 0.00040240664647146085,
          "4": 0.00019656753051200328,
          "5": 0.0001529949829431263
        }
      },
      "Random_2": {
        "accuracy": 0.7564,
        "delta": 0.00979999999999992,
        "layer_wds": {
          "0": 0.0007447144904083069,
          "1": 0.00011268145953419492,
          "2": 0.0012569701250867078,
          "3": 0.0007424116619296472,
          "4": 0.0006930037811020538,
          "5": 0.00045779352105441
        }
      },
      "Random_3": {
        "accuracy": 0.755,
        "delta": 0.008399999999999963,
        "layer_wds": {
          "0": 0.001263559813738166,
          "1": 0.0026079282886399607,
          "2": 0.0003817767511117905,
          "3": 0.0010511270449351966,
          "4": 0.00610792799614582,
          "5": 0.006202777143105826
        }
      },
      "Random_4": {
        "accuracy": 0.7441,
        "delta": -0.0025000000000000577,
        "layer_wds": {
          "0": 0.008591315698733483,
          "1": 0.0012429810235032868,
          "2": 0.008817972090698538,
          "3": 0.0026892550160276985,
          "4": 0.002485751151070987,
          "5": 0.0002705073009621015
        }
      },
      "Random_5": {
        "accuracy": 0.7549,
        "delta": 0.008299999999999974,
        "layer_wds": {
          "0": 0.0002779625851893939,
          "1": 0.005513972710118395,
          "2": 0.00025908263815127076,
          "3": 0.006874194498027416,
          "4": 0.0009480306482679786,
          "5": 0.0016729683536668874
        }
      },
      "Shuffled_1": {
        "accuracy": 0.7438,
        "delta": -0.0028000000000000247,
        "layer_wds": {
          "0": 0.00025,
          "1": 0.0005,
          "2": 6.25e-05,
          "3": 0.001,
          "4": 0.000125,
          "5": 3.125e-05
        }
      },
      "Shuffled_2": {
        "accuracy": 0.7472,
        "delta": 0.0005999999999999339,
        "layer_wds": {
          "0": 6.25e-05,
          "1": 0.0005,
          "2": 0.000125,
          "3": 0.00025,
          "4": 3.125e-05,
          "5": 0.001
        }
      },
      "Shuffled_3": {
        "accuracy": 0.7491,
        "delta": 0.0024999999999999467,
        "layer_wds": {
          "0": 0.000125,
          "1": 3.125e-05,
          "2": 6.25e-05,
          "3": 0.0005,
          "4": 0.001,
          "5": 0.00025
        }
      },
      "Alternating": {
        "accuracy": 0.7568,
        "delta": 0.010199999999999987,
        "layer_wds": {
          "0": 0.002,
          "1": 0.0002,
          "2": 0.002,
          "3": 0.0002,
          "4": 0.002,