{
  "ids_real": {
    "input": 10.644355761123807,
    "layer_0": 7.520358996133341,
    "layer_1": 8.126545985940181,
    "layer_2": 6.815488039660095,
    "layer_3": 6.793273407852105,
    "layer_4": 6.292970261152427,
    "layer_5": 6.203539217475598,
    "layer_6": 5.75962711111274,
    "layer_7": 5.781013017595786,
    "layer_8": 5.30461619674871
  },
  "ids_random": {
    "input": 10.644355761123807,
    "layer_0": 8.526129659020292,
    "layer_1": 9.724756247087782,
    "layer_2": 8.987707100986237,
    "layer_3": 9.019495107158717,
    "layer_4": 5.9369005721064205,
    "layer_5": 5.798023379918303,
    "layer_6": 5.20337351642447,
    "layer_7": 5.034946846018108,
    "layer_8": 4.804633630051572
  },
  "real_range": 5.339739564375097,
  "random_range": 5.839722131072235
}